{
  "Requête HTTP" : {
    "transaction" : "Requête HTTP",
    "sampleCount" : 1000,
    "errorCount" : 0,
    "errorPct" : 0.0,
    "meanResTime" : 1016.2199999999993,
    "medianResTime" : 138.0,
    "minResTime" : 70.0,
    "maxResTime" : 4467.0,
    "pct1ResTime" : 3774.7999999999997,
    "pct2ResTime" : 4064.85,
    "pct3ResTime" : 4285.97,
    "throughput" : 102.1659174499387,
    "receivedKBytesPerSec" : 110.8856388243257,
    "sentKBytesPerSec" : 21.949708827135268
  },
  "Total" : {
    "transaction" : "Total",
    "sampleCount" : 1000,
    "errorCount" : 0,
    "errorPct" : 0.0,
    "meanResTime" : 1016.2199999999993,
    "medianResTime" : 138.0,
    "minResTime" : 70.0,
    "maxResTime" : 4467.0,
    "pct1ResTime" : 3774.7999999999997,
    "pct2ResTime" : 4064.85,
    "pct3ResTime" : 4285.97,
    "throughput" : 102.1659174499387,
    "receivedKBytesPerSec" : 110.8856388243257,
    "sentKBytesPerSec" : 21.949708827135268
  }
}