{
  "Requête HTTP" : {
    "transaction" : "Requête HTTP",
    "sampleCount" : 1000,
    "errorCount" : 0,
    "errorPct" : 0.0,
    "meanResTime" : 866.4329999999986,
    "medianResTime" : 171.0,
    "minResTime" : 97.0,
    "maxResTime" : 3673.0,
    "pct1ResTime" : 3467.3999999999996,
    "pct2ResTime" : 3618.95,
    "pct3ResTime" : 3652.99,
    "throughput" : 106.30381630700542,
    "receivedKBytesPerSec" : 115.26925593972574,
    "sentKBytesPerSec" : 22.838710534708195
  },
  "Total" : {
    "transaction" : "Total",
    "sampleCount" : 1000,
    "errorCount" : 0,
    "errorPct" : 0.0,
    "meanResTime" : 866.4329999999986,
    "medianResTime" : 171.0,
    "minResTime" : 97.0,
    "maxResTime" : 3673.0,
    "pct1ResTime" : 3467.3999999999996,
    "pct2ResTime" : 3618.95,
    "pct3ResTime" : 3652.99,
    "throughput" : 106.30381630700542,
    "receivedKBytesPerSec" : 115.26925593972574,
    "sentKBytesPerSec" : 22.838710534708195
  }
}