{
  "Requête HTTP" : {
    "transaction" : "Requête HTTP",
    "sampleCount" : 1000,
    "errorCount" : 0,
    "errorPct" : 0.0,
    "meanResTime" : 2003.7110000000018,
    "medianResTime" : 184.5,
    "minResTime" : 88.0,
    "maxResTime" : 8467.0,
    "pct1ResTime" : 6310.4,
    "pct2ResTime" : 7667.449999999999,
    "pct3ResTime" : 8230.78,
    "throughput" : 96.29272989889263,
    "receivedKBytesPerSec" : 102.12220149253731,
    "sentKBytesPerSec" : 22.850716177178622
  },
  "Total" : {
    "transaction" : "Total",
    "sampleCount" : 1000,
    "errorCount" : 0,
    "errorPct" : 0.0,
    "meanResTime" : 2003.7110000000018,
    "medianResTime" : 184.5,
    "minResTime" : 88.0,
    "maxResTime" : 8467.0,
    "pct1ResTime" : 6310.4,
    "pct2ResTime" : 7667.449999999999,
    "pct3ResTime" : 8230.78,
    "throughput" : 96.29272989889263,
    "receivedKBytesPerSec" : 102.12220149253731,
    "sentKBytesPerSec" : 22.850716177178622
  }
}