{
  "Requête HTTP" : {
    "transaction" : "Requête HTTP",
    "sampleCount" : 1000,
    "errorCount" : 0,
    "errorPct" : 0.0,
    "meanResTime" : 578.7320000000004,
    "medianResTime" : 128.0,
    "minResTime" : 74.0,
    "maxResTime" : 3045.0,
    "pct1ResTime" : 1693.6999999999998,
    "pct2ResTime" : 2886.8999999999996,
    "pct3ResTime" : 2981.98,
    "throughput" : 100.5631536604988,
    "receivedKBytesPerSec" : 106.48901426111222,
    "sentKBytesPerSec" : 23.864107753419145
  },
  "Total" : {
    "transaction" : "Total",
    "sampleCount" : 1000,
    "errorCount" : 0,
    "errorPct" : 0.0,
    "meanResTime" : 578.7320000000004,
    "medianResTime" : 128.0,
    "minResTime" : 74.0,
    "maxResTime" : 3045.0,
    "pct1ResTime" : 1693.6999999999998,
    "pct2ResTime" : 2886.8999999999996,
    "pct3ResTime" : 2981.98,
    "throughput" : 100.5631536604988,
    "receivedKBytesPerSec" : 106.48901426111222,
    "sentKBytesPerSec" : 23.864107753419145
  }
}