{
  "Total" : {
    "transaction" : "Total",
    "sampleCount" : 2000,
    "errorCount" : 0,
    "errorPct" : 0.0,
    "meanResTime" : 365.0830000000004,
    "medianResTime" : 72.0,
    "minResTime" : 14.0,
    "maxResTime" : 4796.0,
    "pct1ResTime" : 388.30000000000155,
    "pct2ResTime" : 3075.7999999999993,
    "pct3ResTime" : 4414.63,
    "throughput" : 171.89514396218306,
    "receivedKBytesPerSec" : 364.5364706435324,
    "sentKBytesPerSec" : 20.14396218306833
  },
  "GetAllUsers" : {
    "transaction" : "GetAllUsers",
    "sampleCount" : 2000,
    "errorCount" : 0,
    "errorPct" : 0.0,
    "meanResTime" : 365.0830000000004,
    "medianResTime" : 72.0,
    "minResTime" : 14.0,
    "maxResTime" : 4796.0,
    "pct1ResTime" : 388.30000000000155,
    "pct2ResTime" : 3075.7999999999993,
    "pct3ResTime" : 4414.63,
    "throughput" : 171.89514396218306,
    "receivedKBytesPerSec" : 364.5364706435324,
    "sentKBytesPerSec" : 20.14396218306833
  }
}