{
  "Total" : {
    "transaction" : "Total",
    "sampleCount" : 2000,
    "errorCount" : 0,
    "errorPct" : 0.0,
    "meanResTime" : 317.6149999999997,
    "medianResTime" : 44.5,
    "minResTime" : 11.0,
    "maxResTime" : 4168.0,
    "pct1ResTime" : 1098.000000000001,
    "pct2ResTime" : 2552.6499999999987,
    "pct3ResTime" : 3651.8500000000004,
    "throughput" : 184.99676255665526,
    "receivedKBytesPerSec" : 391.2771858523726,
    "sentKBytesPerSec" : 21.67930811210804
  },
  "GetAllUsers" : {
    "transaction" : "GetAllUsers",
    "sampleCount" : 2000,
    "errorCount" : 0,
    "errorPct" : 0.0,
    "meanResTime" : 317.6149999999997,
    "medianResTime" : 44.5,
    "minResTime" : 11.0,
    "maxResTime" : 4168.0,
    "pct1ResTime" : 1098.000000000001,
    "pct2ResTime" : 2552.6499999999987,
    "pct3ResTime" : 3651.8500000000004,
    "throughput" : 184.99676255665526,
    "receivedKBytesPerSec" : 391.2771858523726,
    "sentKBytesPerSec" : 21.67930811210804
  }
}